state,state_name,year,total,youth,child,yadult,yparent,yparent_u18,yparent_18to24,ypchild,adult,non_ypfam,sh_youth,uns_youth,sh_child,uns_child,sh_yadult,uns_yadult,sh_yparent,uns_yparent,sh_yparent_u18,uns_yparent_u18,sh_yparent_18to24,uns_yparent_18to24,sh_ypchild,uns_ypchild,sh_adult,uns_adult,sh_non_ypfam,uns_non_ypfam
AK,Alaska ,2017,1845.0,162.0,15.0,147.0,22.0,0.0,22.0,39.0,1192.0,430.0,142.0,20.0,15.0,0.0,127.0,20.0,22.0,0.0,0.0,0.0,22.0,0.0,39.0,0.0,918.0,274.0,430.0,0.0
AL,Alabama,2017,3793.0,294.0,36.0,258.0,29.0,6.0,23.0,39.0,2691.0,740.0,182.0,112.0,34.0,2.0,148.0,110.0,26.0,3.0,6.0,0.0,20.0,3.0,35.0,4.0,1768.0,923.0,645.0,95.0
AR,Arkansas ,2017,2467.0,208.0,17.0,191.0,10.0,0.0,10.0,13.0,1860.0,376.0,87.0,121.0,15.0,2.0,72.0,119.0,10.0,0.0,0.0,0.0,10.0,0.0,13.0,0.0,850.0,1010.0,313.0,63.0
AZ,Arizona ,2017,8947.0,578.0,55.0,523.0,81.0,0.0,81.0,112.0,5910.0,2266.0,345.0,233.0,45.0,10.0,300.0,223.0,81.0,0.0,0.0,0.0,81.0,0.0,112.0,0.0,3078.0,2832.0,2165.0,101.0
CA,California ,2017,134278.0,15458.0,1649.0,13809.0,890.0,16.0,874.0,1058.0,97298.0,19574.0,2709.0,12749.0,198.0,1451.0,2511.0,11298.0,656.0,234.0,11.0,5.0,645.0,229.0,782.0,276.0,22313.0,74985.0,16176.0,3398.0
CO,Colorado ,2017,10940.0,763.0,45.0,718.0,110.0,0.0,110.0,138.0,6808.0,3121.0,428.0,335.0,23.0,22.0,405.0,313.0,74.0,36.0,0.0,0.0,74.0,36.0,99.0,39.0,4291.0,2517.0,2189.0,932.0
CT,Connecticut ,2017,3388.0,170.0,13.0,157.0,64.0,0.0,64.0,89.0,2038.0,1027.0,106.0,64.0,11.0,2.0,95.0,62.0,64.0,0.0,0.0,0.0,64.0,0.0,89.0,0.0,1690.0,348.0,1023.0,4.0
DC,Washington DC,2017,7473.0,228.0,5.0,223.0,397.0,0.0,397.0,482.0,3355.0,3011.0,194.0,34.0,5.0,0.0,189.0,34.0,397.0,0.0,0.0,0.0,397.0,0.0,482.0,0.0,2492.0,863.0,3011.0,0.0
DE,Delaware ,2017,994.0,45.0,2.0,43.0,20.0,2.0,18.0,25.0,570.0,334.0,43.0,2.0,2.0,0.0,41.0,2.0,20.0,0.0,2.0,0.0,18.0,0.0,25.0,0.0,520.0,50.0,328.0,6.0
FL,Florida ,2017,32190.0,2019.0,421.0,1598.0,328.0,16.0,312.0,483.0,20749.0,8611.0,1075.0,944.0,282.0,139.0,793.0,805.0,275.0,53.0,13.0,3.0,262.0,50.0,410.0,73.0,9856.0,10893.0,5495.0,3116.0
GA,Georgia ,2017,10174.0,526.0,28.0,498.0,75.0,0.0,75.0,139.0,6896.0,2538.0,328.0,198.0,24.0,4.0,304.0,194.0,62.0,13.0,0.0,0.0,62.0,13.0,121.0,18.0,3774.0,3122.0,2366.0,172.0
HI,Hawaii ,2017,7220.0,319.0,26.0,293.0,71.0,0.0,71.0,68.0,4216.0,2546.0,56.0,263.0,2.0,24.0,54.0,239.0,60.0,11.0,0.0,0.0,60.0,11.0,56.0,12.0,1202.0,3014.0,2046.0,500.0
IA,Iowa ,2017,2756.0,140.0,12.0,128.0,73.0,0.0,73.0,107.0,1360.0,1076.0,136.0,4.0,12.0,0.0,124.0,4.0,73.0,0.0,0.0,0.0,73.0,0.0,107.0,0.0,1260.0,100.0,1076.0,0.0
ID,Idaho ,2017,2037.0,113.0,7.0,106.0,17.0,0.0,17.0,24.0,1196.0,687.0,89.0,24.0,7.0,0.0,82.0,24.0,15.0,2.0,0.0,0.0,15.0,2.0,19.0,5.0,768.0,428.0,507.0,180.0
IL,Illinois ,2017,10798.0,730.0,49.0,681.0,290.0,1.0,289.0,406.0,6164.0,3208.0,592.0,138.0,46.0,3.0,546.0,135.0,276.0,14.0,1.0,0.0,275.0,14.0,389.0,17.0,4167.0,1997.0,3117.0,91.0
IN,Indiana ,2017,5438.0,294.0,30.0,264.0,70.0,0.0,70.0,93.0,3329.0,1652.0,252.0,42.0,29.0,1.0,223.0,41.0,69.0,1.0,0.0,0.0,69.0,1.0,92.0,1.0,2830.0,499.0,1626.0,26.0
KS,Kansas ,2017,2287.0,103.0,6.0,97.0,33.0,0.0,33.0,60.0,1320.0,771.0,79.0,24.0,6.0,0.0,73.0,24.0,32.0,1.0,0.0,0.0,32.0,1.0,56.0,4.0,1004.0,316.0,771.0,0.0
KY,Kentucky ,2017,4025.0,253.0,18.0,235.0,62.0,1.0,61.0,89.0,2779.0,842.0,194.0,59.0,14.0,4.0,180.0,55.0,56.0,6.0,1.0,0.0,55.0,6.0,83.0,6.0,2192.0,587.0,773.0,69.0
LA,Louisiana ,2017,3305.0,236.0,46.0,190.0,31.0,0.0,31.0,55.0,2323.0,660.0,186.0,50.0,45.0,1.0,141.0,49.0,28.0,3.0,0.0,0.0,28.0,3.0,48.0,7.0,1461.0,862.0,607.0,53.0
MA,Massachusetts ,2017,17565.0,469.0,57.0,412.0,572.0,0.0,572.0,715.0,5798.0,10011.0,407.0,62.0,54.0,3.0,353.0,59.0,572.0,0.0,0.0,0.0,572.0,0.0,715.0,0.0,4881.0,917.0,9999.0,12.0
MD,Maryland ,2017,7247.0,272.0,11.0,261.0,121.0,0.0,121.0,176.0,4805.0,1873.0,179.0,93.0,7.0,4.0,172.0,89.0,114.0,7.0,0.0,0.0,114.0,7.0,166.0,10.0,3330.0,1475.0,1722.0,151.0
ME,Maine ,2017,2280.0,178.0,28.0,150.0,26.0,2.0,24.0,33.0,1174.0,869.0,143.0,35.0,16.0,12.0,127.0,23.0,21.0,5.0,0.0,2.0,21.0,3.0,29.0,4.0,1101.0,73.0,806.0,63.0
MI,Michigan ,2017,9051.0,608.0,80.0,528.0,201.0,5.0,196.0,319.0,5020.0,2903.0,539.0,69.0,76.0,4.0,463.0,65.0,198.0,3.0,5.0,0.0,193.0,3.0,316.0,3.0,4176.0,844.0,2799.0,104.0
MN,Minnesota ,2017,7668.0,889.0,136.0,753.0,315.0,10.0,305.0,501.0,3010.0,2953.0,739.0,150.0,129.0,7.0,610.0,143.0,305.0,10.0,8.0,2.0,297.0,8.0,488.0,13.0,2153.0,857.0,2875.0,78.0
MO,Missouri ,2017,6037.0,548.0,101.0,447.0,163.0,4.0,159.0,218.0,3220.0,1888.0,455.0,93.0,91.0,10.0,364.0,83.0,162.0,1.0,4.0,0.0,158.0,1.0,217.0,1.0,2315.0,905.0,1736.0,152.0
MS,Mississippi ,2017,1472.0,59.0,21.0,38.0,9.0,0.0,9.0,14.0,1041.0,349.0,40.0,19.0,21.0,0.0,19.0,19.0,3.0,6.0,0.0,0.0,3.0,6.0,6.0,8.0,412.0,629.0,292.0,57.0
MT,Montana ,2017,1529.0,106.0,14.0,92.0,21.0,0.0,21.0,24.0,881.0,497.0,66.0,40.0,9.0,5.0,57.0,35.0,16.0,5.0,0.0,0.0,16.0,5.0,19.0,5.0,567.0,314.0,317.0,180.0
NC,North Carolina ,2017,8962.0,434.0,68.0,366.0,112.0,0.0,112.0,157.0,5610.0,2649.0,320.0,114.0,66.0,2.0,254.0,112.0,98.0,14.0,0.0,0.0,98.0,14.0,140.0,17.0,3809.0,1801.0,2144.0,505.0
ND,North Dakota ,2017,1089.0,80.0,17.0,63.0,17.0,0.0,17.0,19.0,752.0,221.0,66.0,14.0,17.0,0.0,49.0,14.0,9.0,8.0,0.0,0.0,9.0,8.0,11.0,8.0,584.0,168.0,88.0,133.0
NE,Nebraska ,2017,2501.0,164.0,11.0,153.0,54.0,0.0,54.0,60.0,1534.0,689.0,151.0,13.0,11.0,0.0,140.0,13.0,54.0,0.0,0.0,0.0,54.0,0.0,60.0,0.0,1427.0,107.0,689.0,0.0
NH,New Hampshire ,2017,1456.0,76.0,0.0,76.0,36.0,0.0,36.0,51.0,700.0,593.0,62.0,14.0,0.0,0.0,62.0,14.0,31.0,5.0,0.0,0.0,31.0,5.0,43.0,8.0,576.0,124.0,570.0,23.0
NJ,New Jersey ,2017,8536.0,492.0,53.0,439.0,225.0,0.0,225.0,300.0,4941.0,2578.0,432.0,60.0,52.0,1.0,380.0,59.0,225.0,0.0,0.0,0.0,225.0,0.0,300.0,0.0,3606.0,1335.0,2559.0,19.0
NM,New Mexico ,2017,2482.0,181.0,78.0,103.0,14.0,1.0,13.0,19.0,1684.0,584.0,138.0,43.0,77.0,1.0,61.0,42.0,14.0,0.0,1.0,0.0,13.0,0.0,19.0,0.0,1009.0,675.0,506.0,78.0
NV,Nevada ,2017,7833.0,2166.0,262.0,1904.0,30.0,1.0,29.0,35.0,5115.0,487.0,235.0,1931.0,23.0,239.0,212.0,1692.0,24.0,6.0,1.0,0.0,23.0,6.0,32.0,3.0,2486.0,2629.0,478.0,9.0
NY,New York ,2017,89503.0,2829.0,101.0,2728.0,3020.0,12.0,3008.0,3367.0,34561.0,45726.0,2535.0,294.0,95.0,6.0,2440.0,288.0,3017.0,3.0,12.0,0.0,3005.0,3.0,3364.0,3.0,30355.0,4206.0,45677.0,49.0
OH,Ohio ,2017,10095.0,695.0,64.0,631.0,160.0,1.0,159.0,223.0,5993.0,3024.0,584.0,111.0,63.0,1.0,521.0,110.0,154.0,6.0,1.0,0.0,153.0,6.0,216.0,7.0,4910.0,1083.0,2922.0,102.0
OK,Oklahoma ,2017,4199.0,363.0,45.0,318.0,50.0,0.0,50.0,63.0,2461.0,1262.0,253.0,110.0,27.0,18.0,226.0,92.0,44.0,6.0,0.0,0.0,44.0,6.0,55.0,8.0,1739.0,722.0,993.0,269.0
OR,Oregon ,2017,13953.0,1462.0,515.0,947.0,125.0,2.0,123.0,144.0,8972.0,3250.0,507.0,955.0,96.0,419.0,411.0,536.0,93.0,32.0,2.0,0.0,91.0,32.0,102.0,42.0,3786.0,5186.0,1498.0,1752.0
PA,Pennsylvania ,2017,14138.0,756.0,60.0,696.0,466.0,1.0,465.0,681.0,7515.0,4720.0,608.0,148.0,47.0,13.0,561.0,135.0,462.0,4.0,0.0,1.0,462.0,3.0,677.0,4.0,5921.0,1594.0,4672.0,48.0
RI,Rhode Island ,2017,1180.0,49.0,1.0,48.0,6.0,0.0,6.0,10.0,753.0,362.0,41.0,8.0,1.0,0.0,40.0,8.0,6.0,0.0,0.0,0.0,6.0,0.0,10.0,0.0,692.0,61.0,362.0,0.0
SC,South Carolina ,2017,3916.0,173.0,8.0,165.0,44.0,0.0,44.0,63.0,2723.0,913.0,108.0,65.0,6.0,2.0,102.0,63.0,36.0,8.0,0.0,0.0,36.0,8.0,53.0,10.0,1559.0,1164.0,659.0,254.0
SD,South Dakota ,2017,943.0,66.0,19.0,47.0,14.0,2.0,12.0,18.0,545.0,300.0,53.0,13.0,18.0,1.0,35.0,12.0,14.0,0.0,2.0,0.0,12.0,0.0,18.0,0.0,399.0,146.0,288.0,12.0
TN,Tennessee ,2017,8309.0,457.0,23.0,434.0,47.0,0.0,47.0,89.0,5680.0,2036.0,276.0,181.0,17.0,6.0,259.0,175.0,37.0,10.0,0.0,0.0,37.0,10.0,61.0,28.0,3607.0,2073.0,1563.0,473.0
TX,Texas ,2017,23548.0,1318.0,129.0,1189.0,301.0,5.0,296.0,512.0,15390.0,6027.0,772.0,546.0,113.0,16.0,659.0,530.0,282.0,19.0,5.0,0.0,277.0,19.0,481.0,31.0,7942.0,7448.0,5578.0,449.0
UT,Utah ,2017,2852.0,180.0,29.0,151.0,37.0,1.0,36.0,45.0,1702.0,888.0,146.0,34.0,29.0,0.0,117.0,34.0,37.0,0.0,1.0,0.0,36.0,0.0,45.0,0.0,1458.0,244.0,888.0,0.0
VA,Virginia ,2017,6067.0,303.0,15.0,288.0,83.0,0.0,83.0,109.0,3725.0,1847.0,247.0,56.0,15.0,0.0,232.0,56.0,83.0,0.0,0.0,0.0,83.0,0.0,109.0,0.0,2802.0,923.0,1818.0,29.0
VT,Vermont ,2017,1225.0,94.0,2.0,92.0,35.0,0.0,35.0,36.0,603.0,457.0,83.0,11.0,1.0,1.0,82.0,10.0,29.0,6.0,0.0,0.0,29.0,6.0,33.0,3.0,517.0,86.0,429.0,28.0
WA,Washington ,2017,21112.0,2135.0,304.0,1831.0,256.0,7.0,249.0,374.0,12646.0,5701.0,733.0,1402.0,90.0,214.0,643.0,1188.0,240.0,16.0,7.0,0.0,233.0,16.0,356.0,18.0,6000.0,6646.0,5192.0,509.0
WI,Wisconsin ,2017,5027.0,276.0,28.0,248.0,145.0,0.0,145.0,190.0,2369.0,2047.0,240.0,36.0,25.0,3.0,215.0,33.0,142.0,3.0,0.0,0.0,142.0,3.0,188.0,2.0,2077.0,292.0,2040.0,7.0
WV,West Virginia ,2017,1309.0,79.0,7.0,72.0,10.0,0.0,10.0,13.0,953.0,254.0,69.0,10.0,7.0,0.0,62.0,10.0,10.0,0.0,0.0,0.0,10.0,0.0,13.0,0.0,791.0,162.0,238.0,16.0
WY,Wyoming ,2017,873.0,62.0,19.0,43.0,16.0,0.0,16.0,11.0,560.0,224.0,43.0,19.0,6.0,13.0,37.0,6.0,13.0,3.0,0.0,0.0,13.0,3.0,8.0,3.0,340.0,220.0,106.0,118.0
AK,Alaska ,2016,1940.0,173.0,19.0,154.0,9.0,0.0,9.0,10.0,1354.0,394.0,137.0,36.0,19.0,0.0,118.0,36.0,9.0,0.0,0.0,0.0,9.0,0.0,10.0,0.0,952.0,402.0,390.0,4.0
AL,Alabama,2016,4111.0,254.0,28.0,226.0,31.0,5.0,26.0,45.0,2765.0,1016.0,173.0,81.0,28.0,0.0,145.0,81.0,25.0,6.0,5.0,0.0,20.0,6.0,39.0,6.0,1844.0,921.0,812.0,204.0
AR,Arkansas ,2016,2463.0,201.0,49.0,152.0,13.0,0.0,13.0,13.0,1637.0,599.0,117.0,84.0,49.0,0.0,68.0,84.0,13.0,0.0,0.0,0.0,13.0,0.0,13.0,0.0,1023.0,614.0,450.0,149.0
AZ,Arizona ,2016,9707.0,589.0,100.0,489.0,150.0,1.0,149.0,222.0,6070.0,2676.0,431.0,158.0,92.0,8.0,339.0,150.0,150.0,0.0,1.0,0.0,149.0,0.0,222.0,0.0,3133.0,2937.0,2527.0,149.0
CA,California ,2016,118142.0,11222.0,847.0,10375.0,862.0,10.0,852.0,1098.0,86438.0,18522.0,2531.0,8691.0,213.0,634.0,2318.0,8057.0,751.0,111.0,10.0,0.0,741.0,111.0,935.0,163.0,21189.0,65249.0,14346.0,4176.0
CO,Colorado ,2016,10550.0,653.0,39.0,614.0,157.0,2.0,155.0,217.0,5797.0,3726.0,383.0,270.0,26.0,13.0,357.0,257.0,133.0,24.0,1.0,1.0,132.0,23.0,187.0,30.0,3969.0,1828.0,2939.0,787.0
CT,Connecticut ,2016,3902.0,119.0,8.0,111.0,61.0,0.0,61.0,93.0,2451.0,1178.0,97.0,22.0,8.0,0.0,89.0,22.0,60.0,1.0,0.0,0.0,60.0,1.0,92.0,1.0,1806.0,645.0,1174.0,4.0
DC,Washington DC,2016,8350.0,211.0,10.0,201.0,527.0,0.0,527.0,688.0,3472.0,3452.0,178.0,33.0,10.0,0.0,168.0,33.0,527.0,0.0,0.0,0.0,527.0,0.0,688.0,0.0,3187.0,285.0,3452.0,0.0
DE,Delaware ,2016,1070.0,51.0,0.0,51.0,10.0,0.0,10.0,20.0,702.0,287.0,46.0,5.0,0.0,0.0,46.0,5.0,10.0,0.0,0.0,0.0,10.0,0.0,20.0,0.0,656.0,46.0,287.0,0.0
FL,Florida ,2016,33559.0,2094.0,514.0,1580.0,320.0,5.0,315.0,485.0,22107.0,8553.0,1106.0,988.0,279.0,235.0,827.0,753.0,237.0,83.0,5.0,0.0,232.0,83.0,383.0,102.0,10535.0,11572.0,5937.0,2616.0
GA,Georgia ,2016,12909.0,725.0,17.0,708.0,90.0,0.0,90.0,125.0,8540.0,3429.0,475.0,250.0,13.0,4.0,462.0,246.0,83.0,7.0,0.0,0.0,83.0,7.0,105.0,20.0,4310.0,4230.0,2570.0,859.0
HI,Hawaii ,2016,7921.0,309.0,26.0,283.0,92.0,1.0,91.0,85.0,4281.0,3154.0,82.0,227.0,6.0,20.0,76.0,207.0,52.0,40.0,0.0,1.0,52.0,39.0,50.0,35.0,1200.0,3081.0,2229.0,925.0
IA,Iowa ,2016,3064.0,160.0,18.0,142.0,112.0,0.0,112.0,177.0,1383.0,1232.0,150.0,10.0,18.0,0.0,132.0,10.0,112.0,0.0,0.0,0.0,112.0,0.0,177.0,0.0,1250.0,133.0,1232.0,0.0
ID,Idaho ,2016,2247.0,130.0,16.0,114.0,39.0,0.0,39.0,49.0,1154.0,875.0,89.0,41.0,14.0,2.0,75.0,39.0,24.0,15.0,0.0,0.0,24.0,15.0,31.0,18.0,797.0,357.0,568.0,307.0
IL,Illinois ,2016,11590.0,719.0,28.0,691.0,340.0,1.0,339.0,467.0,6267.0,3797.0,648.0,71.0,25.0,3.0,623.0,68.0,336.0,4.0,1.0,0.0,335.0,4.0,461.0,6.0,4578.0,1689.0,3713.0,84.0
IN,Indiana ,2016,5798.0,365.0,37.0,328.0,88.0,0.0,88.0,147.0,3459.0,1739.0,294.0,71.0,36.0,1.0,258.0,70.0,87.0,1.0,0.0,0.0,87.0,1.0,144.0,3.0,2864.0,595.0,1718.0,21.0
KS,Kansas ,2016,2255.0,106.0,19.0,87.0,17.0,0.0,17.0,23.0,1122.0,987.0,80.0,26.0,18.0,1.0,62.0,25.0,16.0,1.0,0.0,0.0,16.0,1.0,22.0,1.0,876.0,246.0,979.0,8.0
KY,Kentucky ,2016,4237.0,220.0,21.0,199.0,73.0,0.0,73.0,109.0,2729.0,1106.0,172.0,48.0,21.0,0.0,151.0,48.0,69.0,4.0,0.0,0.0,69.0,4.0,104.0,5.0,2228.0,501.0,958.0,148.0
LA,Louisiana ,2016,3994.0,408.0,63.0,345.0,47.0,1.0,46.0,85.0,2768.0,686.0,276.0,132.0,57.0,6.0,219.0,126.0,44.0,3.0,1.0,0.0,43.0,3.0,82.0,3.0,1793.0,975.0,658.0,28.0
MA,Massachusetts ,2016,19608.0,374.0,15.0,359.0,554.0,6.0,548.0,699.0,6060.0,11921.0,320.0,54.0,9.0,6.0,311.0,48.0,554.0,0.0,6.0,0.0,548.0,0.0,699.0,0.0,5370.0,690.0,11905.0,16.0
MD,Maryland ,2016,7689.0,279.0,15.0,264.0,148.0,0.0,148.0,225.0,4704.0,2333.0,185.0,94.0,5.0,10.0,180.0,84.0,141.0,7.0,0.0,0.0,141.0,7.0,216.0,9.0,3566.0,1138.0,2053.0,280.0
ME,Maine ,2016,2241.0,177.0,31.0,146.0,34.0,3.0,31.0,38.0,1144.0,848.0,161.0,16.0,29.0,2.0,132.0,14.0,32.0,2.0,3.0,0.0,29.0,2.0,37.0,1.0,1054.0,90.0,837.0,11.0
MI,Michigan ,2016,9316.0,725.0,102.0,623.0,251.0,6.0,245.0,381.0,5078.0,2881.0,624.0,101.0,98.0,4.0,526.0,97.0,248.0,3.0,6.0,0.0,242.0,3.0,376.0,5.0,4349.0,729.0,2759.0,122.0
MN,Minnesota ,2016,7341.0,730.0,89.0,641.0,254.0,9.0,245.0,377.0,2939.0,3041.0,613.0,117.0,75.0,14.0,538.0,103.0,251.0,3.0,9.0,0.0,242.0,3.0,374.0,3.0,2289.0,650.0,2925.0,116.0
MO,Missouri ,2016,6194.0,638.0,201.0,437.0,138.0,5.0,133.0,204.0,3172.0,2042.0,489.0,149.0,168.0,33.0,321.0,116.0,130.0,8.0,5.0,0.0,125.0,8.0,199.0,5.0,2341.0,831.0,1819.0,223.0
MS,Mississippi ,2016,1738.0,85.0,10.0,75.0,14.0,0.0,14.0,23.0,1214.0,402.0,45.0,40.0,10.0,0.0,35.0,40.0,5.0,9.0,0.0,0.0,5.0,9.0,7.0,16.0,511.0,703.0,321.0,81.0
MT,Montana ,2016,1418.0,100.0,13.0,87.0,22.0,0.0,22.0,22.0,744.0,530.0,52.0,48.0,4.0,9.0,48.0,39.0,16.0,6.0,0.0,0.0,16.0,6.0,18.0,4.0,391.0,353.0,311.0,219.0
NC,North Carolina ,2016,9559.0,497.0,65.0,432.0,135.0,0.0,135.0,200.0,5899.0,2828.0,385.0,112.0,55.0,10.0,330.0,102.0,120.0,15.0,0.0,0.0,120.0,15.0,185.0,15.0,4297.0,1602.0,2263.0,565.0
ND,North Dakota ,2016,923.0,74.0,10.0,64.0,13.0,0.0,13.0,18.0,588.0,230.0,61.0,13.0,10.0,0.0,51.0,13.0,9.0,4.0,0.0,0.0,9.0,4.0,10.0,8.0,448.0,140.0,179.0,51.0
NE,Nebraska ,2016,2754.0,238.0,40.0,198.0,34.0,0.0,34.0,44.0,1642.0,796.0,238.0,0.0,40.0,0.0,198.0,0.0,34.0,0.0,0.0,0.0,34.0,0.0,44.0,0.0,1541.0,101.0,796.0,0.0
NH,New Hampshire ,2016,1366.0,80.0,1.0,79.0,32.0,1.0,31.0,61.0,747.0,446.0,72.0,8.0,0.0,1.0,72.0,7.0,31.0,1.0,1.0,0.0,30.0,1.0,59.0,2.0,623.0,124.0,438.0,8.0
NJ,New Jersey ,2016,8895.0,533.0,34.0,499.0,269.0,0.0,269.0,337.0,5007.0,2749.0,470.0,63.0,34.0,0.0,436.0,63.0,266.0,3.0,0.0,0.0,266.0,3.0,333.0,4.0,3717.0,1290.0,2675.0,74.0
NM,New Mexico ,2016,2263.0,188.0,69.0,119.0,14.0,0.0,14.0,23.0,1368.0,670.0,163.0,25.0,68.0,1.0,95.0,24.0,14.0,0.0,0.0,0.0,14.0,0.0,23.0,0.0,964.0,404.0,645.0,25.0
NV,Nevada ,2016,7398.0,1672.0,292.0,1380.0,34.0,1.0,33.0,42.0,5181.0,469.0,309.0,1363.0,28.0,264.0,281.0,1099.0,29.0,5.0,1.0,0.0,28.0,5.0,37.0,5.0,2628.0,2553.0,468.0,1.0
NY,New York ,2016,86352.0,2889.0,188.0,2701.0,2724.0,11.0,2713.0,3311.0,32426.0,45002.0,2641.0,248.0,165.0,23.0,2476.0,225.0,2718.0,6.0,11.0,0.0,2707.0,6.0,3304.0,7.0,29152.0,3274.0,44946.0,56.0
OH,Ohio ,2016,10404.0,622.0,46.0,576.0,225.0,5.0,220.0,340.0,6324.0,2893.0,557.0,65.0,44.0,2.0,513.0,63.0,219.0,6.0,5.0,0.0,214.0,6.0,332.0,8.0,5333.0,991.0,2825.0,68.0
OK,Oklahoma ,2016,4107.0,410.0,39.0,371.0,50.0,0.0,50.0,70.0,2587.0,990.0,266.0,144.0,35.0,4.0,231.0,140.0,41.0,9.0,0.0,0.0,41.0,9.0,60.0,10.0,1854.0,733.0,866.0,124.0
OR,Oregon ,2016,13238.0,1175.0,236.0,939.0,133.0,0.0,133.0,169.0,8204.0,3557.0,418.0,757.0,58.0,178.0,360.0,579.0,92.0,41.0,0.0,0.0,92.0,41.0,119.0,50.0,3240.0,4964.0,1367.0,2190.0
PA,Pennsylvania ,2016,15339.0,868.0,63.0,805.0,549.0,4.0,545.0,779.0,7731.0,5412.0,736.0,132.0,45.0,18.0,691.0,114.0,542.0,7.0,4.0,0.0,538.0,7.0,771.0,8.0,6344.0,1387.0,5271.0,141.0
RI,Rhode Island ,2016,1160.0,64.0,0.0,64.0,21.0,0.0,21.0,31.0,795.0,249.0,63.0,1.0,0.0,0.0,63.0,1.0,21.0,0.0,0.0,0.0,21.0,0.0,31.0,0.0,759.0,36.0,249.0,0.0
SC,South Carolina ,2016,5051.0,266.0,20.0,246.0,48.0,2.0,46.0,76.0,3492.0,1169.0,151.0,115.0,14.0,6.0,137.0,109.0,44.0,4.0,2.0,0.0,42.0,4.0,72.0,4.0,2189.0,1303.0,905.0,264.0
SD,South Dakota ,2016,1072.0,77.0,9.0,68.0,19.0,1.0,18.0,25.0,471.0,480.0,69.0,8.0,9.0,0.0,60.0,8.0,16.0,3.0,1.0,0.0,15.0,3.0,21.0,4.0,377.0,94.0,404.0,76.0
TN,Tennessee ,2016,8779.0,416.0,26.0,390.0,107.0,0.0,107.0,147.0,6236.0,1873.0,249.0,167.0,22.0,4.0,227.0,163.0,74.0,33.0,0.0,0.0,74.0,33.0,108.0,39.0,3953.0,2283.0,1389.0,484.0
TX,Texas ,2016,23122.0,1309.0,187.0,1122.0,309.0,5.0,304.0,465.0,14650.0,6389.0,764.0,545.0,123.0,64.0,641.0,481.0,303.0,6.0,5.0,0.0,298.0,6.0,452.0,13.0,8551.0,6099.0,6144.0,245.0
UT,Utah ,2016,2807.0,150.0,18.0,132.0,17.0,0.0,17.0,30.0,1678.0,932.0,132.0,18.0,17.0,1.0,115.0,17.0,17.0,0.0,0.0,0.0,17.0,0.0,30.0,0.0,1480.0,198.0,912.0,20.0
VA,Virginia ,2016,6268.0,322.0,12.0,310.0,102.0,1.0,101.0,146.0,3637.0,2061.0,278.0,44.0,12.0,0.0,266.0,44.0,98.0,4.0,1.0,0.0,97.0,4.0,142.0,4.0,2967.0,670.0,2017.0,44.0
VT,Vermont ,2016,1117.0,71.0,1.0,70.0,46.0,0.0,46.0,49.0,584.0,367.0,62.0,9.0,1.0,0.0,61.0,9.0,43.0,3.0,0.0,0.0,43.0,3.0,46.0,3.0,454.0,130.0,356.0,11.0
WA,Washington ,2016,20827.0,1307.0,92.0,1215.0,295.0,6.0,289.0,455.0,12593.0,6177.0,714.0,593.0,77.0,15.0,637.0,578.0,279.0,16.0,6.0,0.0,273.0,16.0,434.0,21.0,5675.0,6918.0,5259.0,918.0
WI,Wisconsin ,2016,5685.0,337.0,25.0,312.0,188.0,0.0,188.0,267.0,2549.0,2344.0,273.0,64.0,20.0,5.0,253.0,59.0,188.0,0.0,0.0,0.0,188.0,0.0,267.0,0.0,2222.0,327.0,2325.0,19.0
WV,West Virginia ,2016,1387.0,95.0,6.0,89.0,19.0,0.0,19.0,35.0,944.0,294.0,83.0,12.0,5.0,1.0,78.0,11.0,19.0,0.0,0.0,0.0,19.0,0.0,35.0,0.0,821.0,123.0,294.0,0.0
WY,Wyoming ,2016,857.0,31.0,3.0,28.0,15.0,0.0,15.0,17.0,486.0,308.0,24.0,7.0,1.0,2.0,23.0,5.0,12.0,3.0,0.0,0.0,12.0,3.0,14.0,3.0,253.0,233.0,188.0,120.0
AK,Alaska ,2015,1956.0,155.0,24.0,131.0,18.0,0.0,18.0,21.0,1187.0,575.0,123.0,32.0,18.0,6.0,105.0,26.0,18.0,0.0,0.0,0.0,18.0,0.0,21.0,0.0,961.0,226.0,516.0,59.0
AL,Alabama,2015,3970.0,228.0,32.0,196.0,25.0,5.0,20.0,35.0,2640.0,1042.0,168.0,60.0,27.0,5.0,141.0,55.0,21.0,4.0,5.0,0.0,16.0,4.0,29.0,6.0,1908.0,732.0,817.0,225.0
AR,Arkansas ,2015,2560.0,188.0,0.0,188.0,22.0,0.0,22.0,20.0,1645.0,685.0,95.0,93.0,0.0,0.0,95.0,93.0,22.0,0.0,0.0,0.0,22.0,0.0,20.0,0.0,994.0,651.0,547.0,138.0
AZ,Arizona ,2015,9896.0,621.0,83.0,538.0,166.0,6.0,160.0,194.0,5927.0,2988.0,450.0,171.0,79.0,4.0,371.0,167.0,156.0,10.0,6.0,0.0,150.0,10.0,185.0,9.0,3374.0,2553.0,2774.0,214.0
CA,California ,2015,115738.0,10416.0,892.0,9524.0,854.0,11.0,843.0,1160.0,82740.0,20568.0,2464.0,7952.0,260.0,632.0,2204.0,7320.0,770.0,84.0,11.0,0.0,759.0,84.0,1039.0,121.0,22379.0,60361.0,15387.0,5181.0
CO,Colorado ,2015,9953.0,566.0,82.0,484.0,171.0,1.0,170.0,226.0,5163.0,3827.0,360.0,206.0,74.0,8.0,286.0,198.0,146.0,25.0,0.0,1.0,146.0,24.0,197.0,29.0,3379.0,1784.0,3052.0,775.0
CT,Connecticut ,2015,4047.0,124.0,11.0,113.0,43.0,0.0,43.0,65.0,2595.0,1220.0,92.0,32.0,11.0,0.0,81.0,32.0,41.0,2.0,0.0,0.0,41.0,2.0,63.0,2.0,2032.0,563.0,1193.0,27.0
DC,Washington DC,2015,7298.0,200.0,7.0,193.0,366.0,0.0,366.0,544.0,3621.0,2567.0,183.0,17.0,7.0,0.0,176.0,17.0,366.0,0.0,0.0,0.0,366.0,0.0,544.0,0.0,3094.0,527.0,2567.0,0.0
DE,Delaware ,2015,953.0,57.0,3.0,54.0,21.0,0.0,21.0,41.0,545.0,289.0,56.0,1.0,3.0,0.0,53.0,1.0,21.0,0.0,0.0,0.0,21.0,0.0,41.0,0.0,509.0,36.0,289.0,0.0
FL,Florida ,2015,35900.0,2371.0,593.0,1778.0,315.0,10.0,305.0,449.0,23954.0,8811.0,1207.0,1164.0,321.0,272.0,886.0,892.0,278.0,37.0,10.0,0.0,268.0,37.0,397.0,52.0,10826.0,13128.0,6175.0,2636.0
GA,Georgia ,2015,13790.0,575.0,15.0,560.0,51.0,0.0,51.0,98.0,9127.0,3939.0,292.0,283.0,11.0,4.0,281.0,279.0,45.0,6.0,0.0,0.0,45.0,6.0,79.0,19.0,4491.0,4636.0,3080.0,859.0
HI,Hawaii ,2015,7620.0,303.0,24.0,279.0,95.0,1.0,94.0,93.0,4004.0,3125.0,76.0,227.0,8.0,16.0,68.0,211.0,70.0,25.0,0.0,1.0,70.0,24.0,71.0,22.0,1167.0,2837.0,2393.0,732.0
IA,Iowa ,2015,3081.0,179.0,7.0,172.0,124.0,4.0,120.0,139.0,1322.0,1317.0,176.0,3.0,7.0,0.0,169.0,3.0,124.0,0.0,4.0,0.0,120.0,0.0,139.0,0.0,1126.0,196.0,1313.0,4.0
ID,Idaho ,2015,1966.0,129.0,4.0,125.0,22.0,0.0,22.0,31.0,1043.0,741.0,91.0,38.0,3.0,1.0,88.0,37.0,19.0,3.0,0.0,0.0,19.0,3.0,29.0,2.0,741.0,302.0,617.0,124.0
IL,Illinois ,2015,13177.0,832.0,38.0,794.0,351.0,2.0,349.0,522.0,7320.0,4152.0,680.0,152.0,33.0,5.0,647.0,147.0,345.0,6.0,2.0,0.0,343.0,6.0,514.0,8.0,4919.0,2401.0,4005.0,147.0
IN,Indiana ,2015,5863.0,373.0,36.0,337.0,103.0,3.0,100.0,149.0,3541.0,1697.0,333.0,40.0,36.0,0.0,297.0,40.0,102.0,1.0,3.0,0.0,99.0,1.0,147.0,2.0,3020.0,521.0,1678.0,19.0
KS,Kansas ,2015,2588.0,89.0,3.0,86.0,28.0,0.0,28.0,31.0,1377.0,1063.0,72.0,17.0,3.0,0.0,69.0,17.0,27.0,1.0,0.0,0.0,27.0,1.0,30.0,1.0,1119.0,258.0,1035.0,28.0
KY,Kentucky ,2015,4538.0,248.0,27.0,221.0,75.0,0.0,75.0,99.0,2903.0,1213.0,194.0,54.0,27.0,0.0,167.0,54.0,64.0,11.0,0.0,0.0,64.0,11.0,90.0,9.0,2428.0,475.0,1020.0,193.0
LA,Louisiana ,2015,4081.0,389.0,30.0,359.0,61.0,0.0,61.0,105.0,2828.0,698.0,233.0,156.0,27.0,3.0,206.0,153.0,61.0,0.0,0.0,0.0,61.0,0.0,105.0,0.0,1820.0,1008.0,671.0,27.0
MA,Massachusetts ,2015,21135.0,415.0,5.0,410.0,839.0,10.0,829.0,1070.0,5963.0,12848.0,384.0,31.0,4.0,1.0,380.0,30.0,839.0,0.0,10.0,0.0,829.0,0.0,1070.0,0.0,5430.0,533.0,12819.0,29.0
MD,Maryland ,2015,8390.0,481.0,54.0,427.0,138.0,0.0,138.0,217.0,4902.0,2652.0,327.0,154.0,22.0,32.0,305.0,122.0,126.0,12.0,0.0,0.0,126.0,12.0,204.0,13.0,3660.0,1242.0,2277.0,375.0
ME,Maine ,2015,2372.0,146.0,18.0,128.0,56.0,0.0,56.0,67.0,1073.0,1030.0,145.0,1.0,18.0,0.0,127.0,1.0,55.0,1.0,0.0,0.0,55.0,1.0,65.0,2.0,1025.0,48.0,1023.0,7.0
MI,Michigan ,2015,10516.0,975.0,160.0,815.0,262.0,0.0,262.0,400.0,5571.0,3308.0,880.0,95.0,153.0,7.0,727.0,88.0,260.0,2.0,0.0,0.0,260.0,2.0,396.0,4.0,4673.0,898.0,3235.0,73.0
MN,Minnesota ,2015,7546.0,733.0,131.0,602.0,276.0,13.0,263.0,373.0,2889.0,3275.0,639.0,94.0,113.0,18.0,526.0,76.0,260.0,16.0,12.0,1.0,248.0,15.0,352.0,21.0,2348.0,541.0,3106.0,169.0
MO,Missouri ,2015,6482.0,474.0,101.0,373.0,109.0,7.0,102.0,173.0,2960.0,2766.0,393.0,81.0,83.0,18.0,310.0,63.0,104.0,5.0,7.0,0.0,97.0,5.0,165.0,8.0,2247.0,713.0,2502.0,264.0
MS,Mississippi ,2015,1983.0,93.0,25.0,68.0,9.0,0.0,9.0,21.0,1382.0,478.0,55.0,38.0,25.0,0.0,30.0,38.0,7.0,2.0,0.0,0.0,7.0,2.0,13.0,8.0,638.0,744.0,428.0,50.0
MT,Montana ,2015,1709.0,171.0,13.0,158.0,41.0,9.0,32.0,55.0,956.0,486.0,41.0,130.0,6.0,7.0,35.0,123.0,26.0,15.0,7.0,2.0,19.0,13.0,31.0,24.0,437.0,519.0,302.0,184.0
NC,North Carolina ,2015,10685.0,631.0,79.0,552.0,115.0,2.0,113.0,159.0,6525.0,3255.0,468.0,163.0,63.0,16.0,405.0,147.0,90.0,25.0,2.0,0.0,88.0,25.0,130.0,29.0,4904.0,1621.0,2668.0,587.0
ND,North Dakota ,2015,1305.0,142.0,18.0,124.0,11.0,0.0,11.0,17.0,722.0,413.0,113.0,29.0,18.0,0.0,95.0,29.0,11.0,0.0,0.0,0.0,11.0,0.0,17.0,0.0,478.0,244.0,200.0,213.0
NE,Nebraska ,2015,2744.0,238.0,29.0,209.0,47.0,0.0,47.0,69.0,1482.0,908.0,220.0,18.0,29.0,0.0,191.0,18.0,47.0,0.0,0.0,0.0,47.0,0.0,69.0,0.0,1377.0,105.0,908.0,0.0
NH,New Hampshire ,2015,1445.0,91.0,6.0,85.0,35.0,0.0,35.0,40.0,687.0,592.0,82.0,9.0,5.0,1.0,77.0,8.0,35.0,0.0,0.0,0.0,35.0,0.0,40.0,0.0,584.0,103.0,572.0,20.0
NJ,New Jersey ,2015,10098.0,643.0,47.0,596.0,369.0,0.0,369.0,492.0,5546.0,3048.0,587.0,56.0,47.0,0.0,540.0,56.0,367.0,2.0,0.0,0.0,367.0,2.0,487.0,5.0,4706.0,840.0,2977.0,71.0
NM,New Mexico ,2015,2629.0,193.0,54.0,139.0,33.0,0.0,33.0,52.0,1473.0,878.0,168.0,25.0,53.0,1.0,115.0,24.0,33.0,0.0,0.0,0.0,33.0,0.0,52.0,0.0,1069.0,404.0,853.0,25.0
NV,Nevada ,2015,8743.0,2310.0,825.0,1485.0,48.0,5.0,43.0,74.0,5548.0,763.0,288.0,2022.0,9.0,816.0,279.0,1206.0,48.0,0.0,5.0,0.0,43.0,0.0,74.0,0.0,3358.0,2190.0,760.0,3.0
NY,New York ,2015,88250.0,2626.0,133.0,2493.0,2470.0,10.0,2460.0,3013.0,33509.0,46632.0,2367.0,259.0,128.0,5.0,2239.0,254.0,2463.0,7.0,9.0,1.0,2454.0,6.0,3006.0,7.0,29805.0,3704.0,46587.0,45.0
OH,Ohio ,2015,11182.0,770.0,49.0,721.0,237.0,3.0,234.0,355.0,6795.0,3025.0,665.0,105.0,47.0,2.0,618.0,103.0,236.0,1.0,3.0,0.0,233.0,1.0,352.0,3.0,5925.0,870.0,2905.0,120.0
OK,Oklahoma ,2015,3777.0,460.0,84.0,376.0,50.0,0.0,50.0,92.0,2321.0,854.0,315.0,145.0,40.0,44.0,275.0,101.0,48.0,2.0,0.0,0.0,48.0,2.0,91.0,1.0,1796.0,525.0,749.0,105.0
OR,Oregon ,2015,13226.0,1350.0,388.0,962.0,135.0,0.0,135.0,155.0,8111.0,3475.0,448.0,902.0,62.0,326.0,386.0,576.0,88.0,47.0,0.0,0.0,88.0,47.0,101.0,54.0,3600.0,4511.0,1594.0,1881.0
PA,Pennsylvania ,2015,15421.0,871.0,37.0,834.0,573.0,4.0,569.0,792.0,7734.0,5451.0,745.0,126.0,28.0,9.0,717.0,117.0,573.0,0.0,4.0,0.0,569.0,0.0,792.0,0.0,6531.0,1203.0,5352.0,99.0
RI,Rhode Island ,2015,1111.0,47.0,4.0,43.0,35.0,0.0,35.0,44.0,659.0,326.0,39.0,8.0,4.0,0.0,35.0,8.0,35.0,0.0,0.0,0.0,35.0,0.0,44.0,0.0,634.0,25.0,323.0,3.0
SC,South Carolina ,2015,5354.0,195.0,13.0,182.0,63.0,1.0,62.0,95.0,3739.0,1262.0,126.0,69.0,12.0,1.0,114.0,68.0,59.0,4.0,0.0,1.0,59.0,3.0,87.0,8.0,2339.0,1400.0,847.0,415.0
SD,South Dakota ,2015,1036.0,108.0,8.0,100.0,29.0,0.0,29.0,36.0,522.0,341.0,83.0,25.0,8.0,0.0,75.0,25.0,29.0,0.0,0.0,0.0,29.0,0.0,36.0,0.0,423.0,99.0,329.0,12.0
TN,Tennessee ,2015,9123.0,673.0,14.0,659.0,65.0,0.0,65.0,94.0,5843.0,2448.0,454.0,219.0,3.0,11.0,451.0,208.0,36.0,29.0,0.0,0.0,36.0,29.0,49.0,45.0,3621.0,2222.0,1719.0,729.0
TX,Texas ,2015,23678.0,1416.0,218.0,1198.0,161.0,3.0,158.0,252.0,14849.0,7000.0,797.0,619.0,185.0,33.0,612.0,586.0,158.0,3.0,3.0,0.0,155.0,3.0,244.0,8.0,8437.0,6412.0,6556.0,444.0
UT,Utah ,2015,3025.0,132.0,11.0,121.0,34.0,0.0,34.0,40.0,1677.0,1142.0,106.0,26.0,11.0,0.0,95.0,26.0,34.0,0.0,0.0,0.0,34.0,0.0,40.0,0.0,1499.0,178.0,1120.0,22.0
VA,Virginia ,2015,7001.0,330.0,12.0,318.0,129.0,0.0,129.0,187.0,3860.0,2495.0,288.0,42.0,12.0,0.0,276.0,42.0,127.0,2.0,0.0,0.0,127.0,2.0,186.0,1.0,3146.0,714.0,2443.0,52.0
VT,Vermont ,2015,1523.0,101.0,4.0,97.0,34.0,1.0,33.0,35.0,809.0,544.0,87.0,14.0,3.0,1.0,84.0,13.0,34.0,0.0,1.0,0.0,33.0,0.0,35.0,0.0,688.0,121.0,529.0,15.0
WA,Washington ,2015,19419.0,1341.0,154.0,1187.0,310.0,12.0,298.0,351.0,11185.0,6232.0,700.0,641.0,91.0,63.0,609.0,578.0,296.0,14.0,11.0,1.0,285.0,13.0,342.0,9.0,5500.0,5685.0,5460.0,772.0
WI,Wisconsin ,2015,6057.0,334.0,33.0,301.0,195.0,0.0,195.0,284.0,2658.0,2586.0,287.0,47.0,25.0,8.0,262.0,39.0,184.0,11.0,0.0,0.0,184.0,11.0,270.0,14.0,2360.0,298.0,2514.0,72.0
WV,West Virginia ,2015,1835.0,145.0,11.0,134.0,23.0,3.0,20.0,29.0,1269.0,369.0,103.0,42.0,11.0,0.0,92.0,42.0,16.0,7.0,3.0,0.0,13.0,7.0,21.0,8.0,946.0,323.0,317.0,52.0
WY,Wyoming ,2015,798.0,37.0,4.0,33.0,12.0,0.0,12.0,20.0,463.0,266.0,26.0,11.0,2.0,2.0,24.0,9.0,11.0,1.0,0.0,0.0,11.0,1.0,19.0,1.0,266.0,197.0,185.0,81.0
AK,Alaska ,2014,1784.0,,,,,,,,,,,,,,,,,,,,,,,,,,,
AL,Alabama,2014,4561.0,,,,,,,,,,,,,,,,,,,,,,,,,,,
AR,Arkansas ,2014,2936.0,,,,,,,,,,,,,,,,,,,,,,,,,,,
AZ,Arizona ,2014,10495.0,,,,,,,,,,,,,,,,,,,,,,,,,,,
CA,California ,2014,113952.0,,,,,,,,,,,,,,,,,,,,,,,,,,,
CO,Colorado ,2014,10028.0,,,,,,,,,,,,,,,,,,,,,,,,,,,
CT,Connecticut ,2014,4450.0,,,,,,,,,,,,,,,,,,,,,,,,,,,
DC,Washington DC,2014,7748.0,,,,,,,,,,,,,,,,,,,,,,,,,,,
DE,Delaware ,2014,901.0,,,,,,,,,,,,,,,,,,,,,,,,,,,
FL,Florida ,2014,41542.0,,,,,,,,,,,,,,,,,,,,,,,,,,,
GA,Georgia ,2014,16521.0,,,,,,,,,,,,,,,,,,,,,,,,,,,
HI,Hawaii ,2014,6918.0,,,,,,,,,,,,,,,,,,,,,,,,,,,
IA,Iowa ,2014,3122.0,,,,,,,,,,,,,,,,,,,,,,,,,,,
ID,Idaho ,2014,2104.0,,,,,,,,,,,,,,,,,,,,,,,,,,,
IL,Illinois ,2014,13107.0,,,,,,,,,,,,,,,,,,,,,,,,,,,
IN,Indiana ,2014,5971.0,,,,,,,,,,,,,,,,,,,,,,,,,,,
KS*,Kansas*,2014,2783.0,,,,,,,,,,,,,,,,,,,,,,,,,,,
KY,Kentucky ,2014,5089.0,,,,,,,,,,,,,,,,,,,,,,,,,,,
LA,Louisiana ,2014,4606.0,,,,,,,,,,,,,,,,,,,,,,,,,,,
MA,Massachusetts ,2014,21237.0,,,,,,,,,,,,,,,,,,,,,,,,,,,
MD,Maryland ,2014,7856.0,,,,,,,,,,,,,,,,,,,,,,,,,,,
ME,Maine ,2014,2726.0,,,,,,,,,,,,,,,,,,,,,,,,,,,
MI,Michigan ,2014,12227.0,,,,,,,,,,,,,,,,,,,,,,,,,,,
MN,Minnesota ,2014,8377.0,,,,,,,,,,,,,,,,,,,,,,,,,,,
MO,Missouri ,2014,7282.0,,,,,,,,,,,,,,,,,,,,,,,,,,,
MS,Mississippi ,2014,2226.0,,,,,,,,,,,,,,,,,,,,,,,,,,,
MT,Montana ,2014,1745.0,,,,,,,,,,,,,,,,,,,,,,,,,,,
NC,North Carolina ,2014,11491.0,,,,,,,,,,,,,,,,,,,,,,,,,,,
ND,North Dakota ,2014,1258.0,,,,,,,,,,,,,,,,,,,,,,,,,,,
NE,Nebraska ,2014,3026.0,,,,,,,,,,,,,,,,,,,,,,,,,,,
NH,New Hampshire ,2014,1376.0,,,,,,,,,,,,,,,,,,,,,,,,,,,
NJ,New Jersey ,2014,11671.0,,,,,,,,,,,,,,,,,,,,,,,,,,,
NM,New Mexico ,2014,2746.0,,,,,,,,,,,,,,,,,,,,,,,,,,,
NV,Nevada ,2014,8582.0,,,,,,,,,,,,,,,,,,,,,,,,,,,
NY,New York ,2014,80590.0,,,,,,,,,,,,,,,,,,,,,,,,,,,
OH,Ohio ,2014,11823.0,,,,,,,,,,,,,,,,,,,,,,,,,,,
OK,Oklahoma ,2014,4191.0,,,,,,,,,,,,,,,,,,,,,,,,,,,
OR,Oregon ,2014,12164.0,,,,,,,,,,,,,,,,,,,,,,,,,,,
PA,Pennsylvania ,2014,15333.0,,,,,,,,,,,,,,,,,,,,,,,,,,,
RI,Rhode Island ,2014,1190.0,,,,,,,,,,,,,,,,,,,,,,,,,,,
SC,South Carolina ,2014,5057.0,,,,,,,,,,,,,,,,,,,,,,,,,,,
SD,South Dakota ,2014,885.0,,,,,,,,,,,,,,,,,,,,,,,,,,,
TN,Tennessee ,2014,9415.0,,,,,,,,,,,,,,,,,,,,,,,,,,,
TX,Texas ,2014,28495.0,,,,,,,,,,,,,,,,,,,,,,,,,,,
UT,Utah ,2014,3081.0,,,,,,,,,,,,,,,,,,,,,,,,,,,
VA,Virginia ,2014,7020.0,,,,,,,,,,,,,,,,,,,,,,,,,,,
VT,Vermont ,2014,1559.0,,,,,,,,,,,,,,,,,,,,,,,,,,,
WA,Washington ,2014,18442.0,,,,,,,,,,,,,,,,,,,,,,,,,,,
WI,Wisconsin ,2014,6055.0,,,,,,,,,,,,,,,,,,,,,,,,,,,
WV,West Virginia ,2014,2013.0,,,,,,,,,,,,,,,,,,,,,,,,,,,
WY,Wyoming ,2014,757.0,,,,,,,,,,,,,,,,,,,,,,,,,,,
AK,Alaska ,2013,1946.0,,,,,,,,,,,,,,,,,,,,,,,,,,,
AL,Alabama,2013,4689.0,,,,,,,,,,,,,,,,,,,,,,,,,,,
AR,Arkansas ,2013,3812.0,,,,,,,,,,,,,,,,,,,,,,,,,,,
AZ,Arizona ,2013,10562.0,,,,,,,,,,,,,,,,,,,,,,,,,,,
CA,California ,2013,118552.0,,,,,,,,,,,,,,,,,,,,,,,,,,,
CO,Colorado ,2013,9754.0,,,,,,,,,,,,,,,,,,,,,,,,,,,
CT,Connecticut ,2013,4448.0,,,,,,,,,,,,,,,,,,,,,,,,,,,
DC,Washington DC,2013,6865.0,,,,,,,,,,,,,,,,,,,,,,,,,,,
DE,Delaware ,2013,946.0,,,,,,,,,,,,,,,,,,,,,,,,,,,
FL,Florida ,2013,47862.0,,,,,,,,,,,,,,,,,,,,,,,,,,,
GA,Georgia ,2013,16971.0,,,,,,,,,,,,,,,,,,,,,,,,,,,
HI,Hawaii ,2013,6335.0,,,,,,,,,,,,,,,,,,,,,,,,,,,
IA,Iowa ,2013,3084.0,,,,,,,,,,,,,,,,,,,,,,,,,,,
ID,Idaho ,2013,1781.0,,,,,,,,,,,,,,,,,,,,,,,,,,,
IL,Illinois ,2013,13425.0,,,,,,,,,,,,,,,,,,,,,,,,,,,
IN,Indiana ,2013,6096.0,,,,,,,,,,,,,,,,,,,,,,,,,,,
KS,Kansas ,2013,2693.0,,,,,,,,,,,,,,,,,,,,,,,,,,,
KY,Kentucky ,2013,5245.0,,,,,,,,,,,,,,,,,,,,,,,,,,,
LA,Louisiana ,2013,5226.0,,,,,,,,,,,,,,,,,,,,,,,,,,,
MA,Massachusetts ,2013,19029.0,,,,,,,,,,,,,,,,,,,,,,,,,,,
MD,Maryland ,2013,8205.0,,,,,,,,,,,,,,,,,,,,,,,,,,,
ME,Maine ,2013,3016.0,,,,,,,,,,,,,,,,,,,,,,,,,,,
MI,Michigan ,2013,11527.0,,,,,,,,,,,,,,,,,,,,,,,,,,,
MN,Minnesota ,2013,8214.0,,,,,,,,,,,,,,,,,,,,,,,,,,,
MO,Missouri ,2013,8581.0,,,,,,,,,,,,,,,,,,,,,,,,,,,
MS,Mississippi ,2013,2403.0,,,,,,,,,,,,,,,,,,,,,,,,,,,
MT,Montana ,2013,1878.0,,,,,,,,,,,,,,,,,,,,,,,,,,,
NC,North Carolina ,2013,12168.0,,,,,,,,,,,,,,,,,,,,,,,,,,,
ND,North Dakota ,2013,2069.0,,,,,,,,,,,,,,,,,,,,,,,,,,,
NE,Nebraska ,2013,3145.0,,,,,,,,,,,,,,,,,,,,,,,,,,,
NH,New Hampshire ,2013,1447.0,,,,,,,,,,,,,,,,,,,,,,,,,,,
NJ,New Jersey ,2013,12002.0,,,,,,,,,,,,,,,,,,,,,,,,,,,
NM,New Mexico ,2013,2819.0,,,,,,,,,,,,,,,,,,,,,,,,,,,
NV,Nevada ,2013,7039.0,,,,,,,,,,,,,,,,,,,,,,,,,,,
NY,New York ,2013,77430.0,,,,,,,,,,,,,,,,,,,,,,,,,,,
OH,Ohio ,2013,12325.0,,,,,,,,,,,,,,,,,,,,,,,,,,,
OK,Oklahoma ,2013,4408.0,,,,,,,,,,,,,,,,,,,,,,,,,,,
OR,Oregon ,2013,13822.0,,,,,,,,,,,,,,,,,,,,,,,,,,,
PA,Pennsylvania ,2013,15086.0,,,,,,,,,,,,,,,,,,,,,,,,,,,
RI,Rhode Island ,2013,1384.0,,,,,,,,,,,,,,,,,,,,,,,,,,,
SC,South Carolina ,2013,6544.0,,,,,,,,,,,,,,,,,,,,,,,,,,,
SD,South Dakota ,2013,1094.0,,,,,,,,,,,,,,,,,,,,,,,,,,,
TN,Tennessee ,2013,9528.0,,,,,,,,,,,,,,,,,,,,,,,,,,,
TX,Texas ,2013,29615.0,,,,,,,,,,,,,,,,,,,,,,,,,,,
UT,Utah ,2013,3277.0,,,,,,,,,,,,,,,,,,,,,,,,,,,
VA,Virginia ,2013,7625.0,,,,,,,,,,,,,,,,,,,,,,,,,,,
VT,Vermont ,2013,1454.0,,,,,,,,,,,,,,,,,,,,,,,,,,,
WA,Washington ,2013,17760.0,,,,,,,,,,,,,,,,,,,,,,,,,,,
WI,Wisconsin ,2013,6104.0,,,,,,,,,,,,,,,,,,,,,,,,,,,
WV,West Virginia ,2013,2240.0,,,,,,,,,,,,,,,,,,,,,,,,,,,
WY,Wyoming ,2013,953.0,,,,,,,,,,,,,,,,,,,,,,,,,,,
AK,Alaska ,2012,1913.0,,,,,,,,,,,,,,,,,,,,,,,,,,,
AL,Alabama,2012,5209.0,,,,,,,,,,,,,,,,,,,,,,,,,,,
AR,Arkansas ,2012,4214.0,,,,,,,,,,,,,,,,,,,,,,,,,,,
AZ,Arizona ,2012,11302.0,,,,,,,,,,,,,,,,,,,,,,,,,,,
CA,California ,2012,120098.0,,,,,,,,,,,,,,,,,,,,,,,,,,,
CO,Colorado ,2012,16768.0,,,,,,,,,,,,,,,,,,,,,,,,,,,
CT,Connecticut ,2012,4209.0,,,,,,,,,,,,,,,,,,,,,,,,,,,
DC,Washington DC,2012,6954.0,,,,,,,,,,,,,,,,,,,,,,,,,,,
DE,Delaware ,2012,1008.0,,,,,,,,,,,,,,,,,,,,,,,,,,,
FL,Florida ,2012,55170.0,,,,,,,,,,,,,,,,,,,,,,,,,,,
GA,Georgia ,2012,20516.0,,,,,,,,,,,,,,,,,,,,,,,,,,,
HI,Hawaii ,2012,6246.0,,,,,,,,,,,,,,,,,,,,,,,,,,,
IA,Iowa ,2012,2928.0,,,,,,,,,,,,,,,,,,,,,,,,,,,
ID,Idaho ,2012,1968.0,,,,,,,,,,,,,,,,,,,,,,,,,,,
IL,Illinois ,2012,14144.0,,,,,,,,,,,,,,,,,,,,,,,,,,,
IN,Indiana ,2012,6259.0,,,,,,,,,,,,,,,,,,,,,,,,,,,
KS,Kansas ,2012,2684.0,,,,,,,,,,,,,,,,,,,,,,,,,,,
KY,Kentucky ,2012,5230.0,,,,,,,,,,,,,,,,,,,,,,,,,,,
LA,Louisiana ,2012,7772.0,,,,,,,,,,,,,,,,,,,,,,,,,,,
MA,Massachusetts ,2012,17501.0,,,,,,,,,,,,,,,,,,,,,,,,,,,
MD,Maryland ,2012,9454.0,,,,,,,,,,,,,,,,,,,,,,,,,,,
ME,Maine ,2012,2393.0,,,,,,,,,,,,,,,,,,,,,,,,,,,
MI,Michigan ,2012,12592.0,,,,,,,,,,,,,,,,,,,,,,,,,,,
MN,Minnesota ,2012,7744.0,,,,,,,,,,,,,,,,,,,,,,,,,,,
MO,Missouri ,2012,10237.0,,,,,,,,,,,,,,,,,,,,,,,,,,,
MS,Mississippi ,2012,2413.0,,,,,,,,,,,,,,,,,,,,,,,,,,,
MT,Montana ,2012,1833.0,,,,,,,,,,,,,,,,,,,,,,,,,,,
NC,North Carolina ,2012,13524.0,,,,,,,,,,,,,,,,,,,,,,,,,,,
ND,North Dakota ,2012,688.0,,,,,,,,,,,,,,,,,,,,,,,,,,,
NE,Nebraska ,2012,3789.0,,,,,,,,,,,,,,,,,,,,,,,,,,,
NH,New Hampshire ,2012,1496.0,,,,,,,,,,,,,,,,,,,,,,,,,,,
NJ,New Jersey ,2012,13025.0,,,,,,,,,,,,,,,,,,,,,,,,,,,
NM,New Mexico ,2012,3245.0,,,,,,,,,,,,,,,,,,,,,,,,,,,
NV,Nevada ,2012,8497.0,,,,,,,,,,,,,,,,,,,,,,,,,,,
NY,New York ,2012,69566.0,,,,,,,,,,,,,,,,,,,,,,,,,,,
OH,Ohio ,2012,13977.0,,,,,,,,,,,,,,,,,,,,,,,,,,,
OK,Oklahoma ,2012,5032.0,,,,,,,,,,,,,,,,,,,,,,,,,,,
OR,Oregon ,2012,15828.0,,,,,,,,,,,,,,,,,,,,,,,,,,,
PA,Pennsylvania ,2012,14736.0,,,,,,,,,,,,,,,,,,,,,,,,,,,
RI,Rhode Island ,2012,1277.0,,,,,,,,,,,,,,,,,,,,,,,,,,,
SC,South Carolina ,2012,4915.0,,,,,,,,,,,,,,,,,,,,,,,,,,,
SD,South Dakota ,2012,859.0,,,,,,,,,,,,,,,,,,,,,,,,,,,
TN,Tennessee ,2012,9426.0,,,,,,,,,,,,,,,,,,,,,,,,,,,
TX,Texas ,2012,34052.0,,,,,,,,,,,,,,,,,,,,,,,,,,,
UT,Utah ,2012,3527.0,,,,,,,,,,,,,,,,,,,,,,,,,,,
VA,Virginia ,2012,8424.0,,,,,,,,,,,,,,,,,,,,,,,,,,,
VT,Vermont ,2012,1160.0,,,,,,,,,,,,,,,,,,,,,,,,,,,
WA,Washington ,2012,20504.0,,,,,,,,,,,,,,,,,,,,,,,,,,,
WI,Wisconsin ,2012,6027.0,,,,,,,,,,,,,,,,,,,,,,,,,,,
WV,West Virginia ,2012,2410.0,,,,,,,,,,,,,,,,,,,,,,,,,,,
WY,Wyoming ,2012,1813.0,,,,,,,,,,,,,,,,,,,,,,,,,,,
AK,Alaska ,2011,2128.0,,,,,,,,,,,,,,,,,,,,,,,,,,,
AL,Alabama,2011,5558.0,,,,,,,,,,,,,,,,,,,,,,,,,,,
AR,Arkansas ,2011,3424.0,,,,,,,,,,,,,,,,,,,,,,,,,,,
AZ,Arizona ,2011,10504.0,,,,,,,,,,,,,,,,,,,,,,,,,,,
CA,California ,2011,125128.0,,,,,,,,,,,,,,,,,,,,,,,,,,,
CO,Colorado ,2011,15116.0,,,,,,,,,,,,,,,,,,,,,,,,,,,
CT,Connecticut ,2011,4456.0,,,,,,,,,,,,,,,,,,,,,,,,,,,
DC,Washington DC,2011,6546.0,,,,,,,,,,,,,,,,,,,,,,,,,,,
DE,Delaware ,2011,1035.0,,,,,,,,,,,,,,,,,,,,,,,,,,,
FL,Florida ,2011,56687.0,,,,,,,,,,,,,,,,,,,,,,,,,,,
GA,Georgia ,2011,20975.0,,,,,,,,,,,,,,,,,,,,,,,,,,,
HI,Hawaii ,2011,6188.0,,,,,,,,,,,,,,,,,,,,,,,,,,,
IA,Iowa ,2011,3134.0,,,,,,,,,,,,,,,,,,,,,,,,,,,
ID,Idaho ,2011,2199.0,,,,,,,,,,,,,,,,,,,,,,,,,,,
IL,Illinois ,2011,14009.0,,,,,,,,,,,,,,,,,,,,,,,,,,,
IN,Indiana ,2011,6196.0,,,,,,,,,,,,,,,,,,,,,,,,,,,
KS,Kansas ,2011,2511.0,,,,,,,,,,,,,,,,,,,,,,,,,,,
KY,Kentucky ,2011,6034.0,,,,,,,,,,,,,,,,,,,,,,,,,,,
LA,Louisiana ,2011,9291.0,,,,,,,,,,,,,,,,,,,,,,,,,,,
MA,Massachusetts ,2011,16664.0,,,,,,,,,,,,,,,,,,,,,,,,,,,
MD,Maryland ,2011,10208.0,,,,,,,,,,,,,,,,,,,,,,,,,,,
ME,Maine ,2011,2447.0,,,,,,,,,,,,,,,,,,,,,,,,,,,
MI,Michigan ,2011,13185.0,,,,,,,,,,,,,,,,,,,,,,,,,,,
MN,Minnesota ,2011,7495.0,,,,,,,,,,,,,,,,,,,,,,,,,,,
MO,Missouri ,2011,8989.0,,,,,,,,,,,,,,,,,,,,,,,,,,,
MS,Mississippi ,2011,2306.0,,,,,,,,,,,,,,,,,,,,,,,,,,,
MT,Montana ,2011,1768.0,,,,,,,,,,,,,,,,,,,,,,,,,,,
NC,North Carolina ,2011,12896.0,,,,,,,,,,,,,,,,,,,,,,,,,,,
ND,North Dakota ,2011,603.0,,,,,,,,,,,,,,,,,,,,,,,,,,,
NE,Nebraska ,2011,3548.0,,,,,,,,,,,,,,,,,,,,,,,,,,,
NH,New Hampshire ,2011,1469.0,,,,,,,,,,,,,,,,,,,,,,,,,,,
NJ,New Jersey ,2011,14137.0,,,,,,,,,,,,,,,,,,,,,,,,,,,
NM,New Mexico ,2011,3601.0,,,,,,,,,,,,,,,,,,,,,,,,,,,
NV,Nevada ,2011,9150.0,,,,,,,,,,,,,,,,,,,,,,,,,,,
NY,New York ,2011,63445.0,,,,,,,,,,,,,,,,,,,,,,,,,,,
OH,Ohio ,2011,13030.0,,,,,,,,,,,,,,,,,,,,,,,,,,,
OK,Oklahoma ,2011,4625.0,,,,,,,,,,,,,,,,,,,,,,,,,,,
OR,Oregon ,2011,17254.0,,,,,,,,,,,,,,,,,,,,,,,,,,,
PA,Pennsylvania ,2011,15096.0,,,,,,,,,,,,,,,,,,,,,,,,,,,
RI,Rhode Island ,2011,1070.0,,,,,,,,,,,,,,,,,,,,,,,,,,,
SC,South Carolina ,2011,5093.0,,,,,,,,,,,,,,,,,,,,,,,,,,,
SD,South Dakota ,2011,826.0,,,,,,,,,,,,,,,,,,,,,,,,,,,
TN,Tennessee ,2011,9113.0,,,,,,,,,,,,,,,,,,,,,,,,,,,
TX,Texas ,2011,36911.0,,,,,,,,,,,,,,,,,,,,,,,,,,,
UT,Utah ,2011,3130.0,,,,,,,,,,,,,,,,,,,,,,,,,,,
VA,Virginia ,2011,8816.0,,,,,,,,,,,,,,,,,,,,,,,,,,,
VT,Vermont ,2011,1144.0,,,,,,,,,,,,,,,,,,,,,,,,,,,
WA,Washington ,2011,20439.0,,,,,,,,,,,,,,,,,,,,,,,,,,,
WI,Wisconsin ,2011,5785.0,,,,,,,,,,,,,,,,,,,,,,,,,,,
WV,West Virginia ,2011,2211.0,,,,,,,,,,,,,,,,,,,,,,,,,,,
WY,Wyoming ,2011,1038.0,,,,,,,,,,,,,,,,,,,,,,,,,,,
AK,Alaska ,2010,1863.0,,,,,,,,,,,,,,,,,,,,,,,,,,,
AL,Alabama,2010,6046.0,,,,,,,,,,,,,,,,,,,,,,,,,,,
AR,Arkansas ,2010,2762.0,,,,,,,,,,,,,,,,,,,,,,,,,,,
AZ,Arizona ,2010,13711.0,,,,,,,,,,,,,,,,,,,,,,,,,,,
CA,California ,2010,123480.0,,,,,,,,,,,,,,,,,,,,,,,,,,,
CO,Colorado ,2010,15482.0,,,,,,,,,,,,,,,,,,,,,,,,,,,
CT,Connecticut ,2010,4316.0,,,,,,,,,,,,,,,,,,,,,,,,,,,
DC,Washington DC,2010,6539.0,,,,,,,,,,,,,,,,,,,,,,,,,,,
DE,Delaware ,2010,982.0,,,,,,,,,,,,,,,,,,,,,,,,,,,
FL,Florida ,2010,57551.0,,,,,,,,,,,,,,,,,,,,,,,,,,,
GA,Georgia ,2010,19836.0,,,,,,,,,,,,,,,,,,,,,,,,,,,
HI,Hawaii ,2010,5834.0,,,,,,,,,,,,,,,,,,,,,,,,,,,
IA,Iowa ,2010,3014.0,,,,,,,,,,,,,,,,,,,,,,,,,,,
ID,Idaho ,2010,2346.0,,,,,,,,,,,,,,,,,,,,,,,,,,,
IL,Illinois ,2010,14395.0,,,,,,,,,,,,,,,,,,,,,,,,,,,
IN,Indiana ,2010,6452.0,,,,,,,,,,,,,,,,,,,,,,,,,,,
KS,Kansas ,2010,2024.0,,,,,,,,,,,,,,,,,,,,,,,,,,,
KY,Kentucky ,2010,6623.0,,,,,,,,,,,,,,,,,,,,,,,,,,,
LA,Louisiana ,2010,12482.0,,,,,,,,,,,,,,,,,,,,,,,,,,,
MA,Massachusetts ,2010,16646.0,,,,,,,,,,,,,,,,,,,,,,,,,,,
MD,Maryland ,2010,10845.0,,,,,,,,,,,,,,,,,,,,,,,,,,,
ME,Maine ,2010,2379.0,,,,,,,,,,,,,,,,,,,,,,,,,,,
MI,Michigan ,2010,13058.0,,,,,,,,,,,,,,,,,,,,,,,,,,,
MN,Minnesota ,2010,7869.0,,,,,,,,,,,,,,,,,,,,,,,,,,,
MO,Missouri ,2010,8122.0,,,,,,,,,,,,,,,,,,,,,,,,,,,
MS,Mississippi ,2010,2743.0,,,,,,,,,,,,,,,,,,,,,,,,,,,
MT,Montana ,2010,1615.0,,,,,,,,,,,,,,,,,,,,,,,,,,,
NC,North Carolina ,2010,12191.0,,,,,,,,,,,,,,,,,,,,,,,,,,,
ND,North Dakota ,2010,799.0,,,,,,,,,,,,,,,,,,,,,,,,,,,
NE,Nebraska ,2010,3877.0,,,,,,,,,,,,,,,,,,,,,,,,,,,
NH,New Hampshire ,2010,1574.0,,,,,,,,,,,,,,,,,,,,,,,,,,,
NJ,New Jersey ,2010,13737.0,,,,,,,,,,,,,,,,,,,,,,,,,,,
NM,New Mexico ,2010,3475.0,,,,,,,,,,,,,,,,,,,,,,,,,,,
NV,Nevada ,2010,11205.0,,,,,,,,,,,,,,,,,,,,,,,,,,,
NY,New York ,2010,65606.0,,,,,,,,,,,,,,,,,,,,,,,,,,,
OH,Ohio ,2010,12569.0,,,,,,,,,,,,,,,,,,,,,,,,,,,
OK,Oklahoma ,2010,5229.0,,,,,,,,,,,,,,,,,,,,,,,,,,,
OR,Oregon ,2010,19492.0,,,,,,,,,,,,,,,,,,,,,,,,,,,
PA,Pennsylvania ,2010,14516.0,,,,,,,,,,,,,,,,,,,,,,,,,,,
RI,Rhode Island ,2010,1282.0,,,,,,,,,,,,,,,,,,,,,,,,,,,
SC,South Carolina ,2010,4473.0,,,,,,,,,,,,,,,,,,,,,,,,,,,
SD,South Dakota ,2010,731.0,,,,,,,,,,,,,,,,,,,,,,,,,,,
TN,Tennessee ,2010,10276.0,,,,,,,,,,,,,,,,,,,,,,,,,,,
TX,Texas ,2010,35121.0,,,,,,,,,,,,,,,,,,,,,,,,,,,
UT,Utah ,2010,3284.0,,,,,,,,,,,,,,,,,,,,,,,,,,,
VA,Virginia ,2010,9080.0,,,,,,,,,,,,,,,,,,,,,,,,,,,
VT,Vermont ,2010,1220.0,,,,,,,,,,,,,,,,,,,,,,,,,,,
WA,Washington ,2010,22878.0,,,,,,,,,,,,,,,,,,,,,,,,,,,
WI,Wisconsin ,2010,6333.0,,,,,,,,,,,,,,,,,,,,,,,,,,,
WV,West Virginia ,2010,2264.0,,,,,,,,,,,,,,,,,,,,,,,,,,,
WY,Wyoming ,2010,579.0,,,,,,,,,,,,,,,,,,,,,,,,,,,
AK,Alaska ,2009,1992.0,,,,,,,,,,,,,,,,,,,,,,,,,,,
AL,Alabama,2009,6080.0,,,,,,,,,,,,,,,,,,,,,,,,,,,
AR,Arkansas ,2009,2852.0,,,,,,,,,,,,,,,,,,,,,,,,,,,
AZ,Arizona ,2009,14721.0,,,,,,,,,,,,,,,,,,,,,,,,,,,
CA,California ,2009,123678.0,,,,,,,,,,,,,,,,,,,,,,,,,,,
CO,Colorado ,2009,15268.0,,,,,,,,,,,,,,,,,,,,,,,,,,,
CT,Connecticut ,2009,4605.0,,,,,,,,,,,,,,,,,,,,,,,,,,,
DC,Washington DC,2009,6228.0,,,,,,,,,,,,,,,,,,,,,,,,,,,
DE,Delaware ,2009,1130.0,,,,,,,,,,,,,,,,,,,,,,,,,,,
FL,Florida ,2009,55599.0,,,,,,,,,,,,,,,,,,,,,,,,,,,
GA,Georgia ,2009,20360.0,,,,,,,,,,,,,,,,,,,,,,,,,,,
HI,Hawaii ,2009,5782.0,,,,,,,,,,,,,,,,,,,,,,,,,,,
IA,Iowa ,2009,3380.0,,,,,,,,,,,,,,,,,,,,,,,,,,,
ID,Idaho ,2009,1939.0,,,,,,,,,,,,,,,,,,,,,,,,,,,
IL,Illinois ,2009,14055.0,,,,,,,,,,,,,,,,,,,,,,,,,,,
IN,Indiana ,2009,6984.0,,,,,,,,,,,,,,,,,,,,,,,,,,,
KS,Kansas ,2009,1892.0,,,,,,,,,,,,,,,,,,,,,,,,,,,
KY,Kentucky ,2009,5999.0,,,,,,,,,,,,,,,,,,,,,,,,,,,
LA,Louisiana ,2009,12504.0,,,,,,,,,,,,,,,,,,,,,,,,,,,
MA,Massachusetts ,2009,15482.0,,,,,,,,,,,,,,,,,,,,,,,,,,,
MD,Maryland ,2009,11698.0,,,,,,,,,,,,,,,,,,,,,,,,,,,
ME,Maine ,2009,2444.0,,,,,,,,,,,,,,,,,,,,,,,,,,,
MI,Michigan ,2009,14005.0,,,,,,,,,,,,,,,,,,,,,,,,,,,
MN,Minnesota ,2009,7718.0,,,,,,,,,,,,,,,,,,,,,,,,,,,
MO,Missouri ,2009,6959.0,,,,,,,,,,,,,,,,,,,,,,,,,,,
MS,Mississippi ,2009,2797.0,,,,,,,,,,,,,,,,,,,,,,,,,,,
MT,Montana ,2009,1196.0,,,,,,,,,,,,,,,,,,,,,,,,,,,
NC,North Carolina ,2009,12918.0,,,,,,,,,,,,,,,,,,,,,,,,,,,
ND,North Dakota ,2009,773.0,,,,,,,,,,,,,,,,,,,,,,,,,,,
NE,Nebraska ,2009,3718.0,,,,,,,,,,,,,,,,,,,,,,,,,,,
NH,New Hampshire ,2009,1645.0,,,,,,,,,,,,,,,,,,,,,,,,,,,
NJ,New Jersey ,2009,13169.0,,,,,,,,,,,,,,,,,,,,,,,,,,,
NM,New Mexico ,2009,3475.0,,,,,,,,,,,,,,,,,,,,,,,,,,,
NV,Nevada ,2009,11089.0,,,,,,,,,,,,,,,,,,,,,,,,,,,
NY,New York ,2009,61067.0,,,,,,,,,,,,,,,,,,,,,,,,,,,
OH,Ohio ,2009,12700.0,,,,,,,,,,,,,,,,,,,,,,,,,,,
OK,Oklahoma ,2009,4838.0,,,,,,,,,,,,,,,,,,,,,,,,,,,
OR,Oregon ,2009,17309.0,,,,,,,,,,,,,,,,,,,,,,,,,,,
PA,Pennsylvania ,2009,15096.0,,,,,,,,,,,,,,,,,,,,,,,,,,,
RI,Rhode Island ,2009,1607.0,,,,,,,,,,,,,,,,,,,,,,,,,,,
SC,South Carolina ,2009,4473.0,,,,,,,,,,,,,,,,,,,,,,,,,,,
SD,South Dakota ,2009,731.0,,,,,,,,,,,,,,,,,,,,,,,,,,,
TN,Tennessee ,2009,10532.0,,,,,,,,,,,,,,,,,,,,,,,,,,,
TX,Texas ,2009,36761.0,,,,,,,,,,,,,,,,,,,,,,,,,,,
UT,Utah ,2009,3795.0,,,,,,,,,,,,,,,,,,,,,,,,,,,
VA,Virginia ,2009,8852.0,,,,,,,,,,,,,,,,,,,,,,,,,,,
VT,Vermont ,2009,1214.0,,,,,,,,,,,,,,,,,,,,,,,,,,,
WA,Washington ,2009,22782.0,,,,,,,,,,,,,,,,,,,,,,,,,,,
WI,Wisconsin ,2009,6525.0,,,,,,,,,,,,,,,,,,,,,,,,,,,
WV,West Virginia ,2009,1667.0,,,,,,,,,,,,,,,,,,,,,,,,,,,
WY,Wyoming ,2009,515.0,,,,,,,,,,,,,,,,,,,,,,,,,,,
AK,Alaska ,2008,1646.0,,,,,,,,,,,,,,,,,,,,,,,,,,,
AL,Alabama,2008,5387.0,,,,,,,,,,,,,,,,,,,,,,,,,,,
AR,Arkansas ,2008,3255.0,,,,,,,,,,,,,,,,,,,,,,,,,,,
AZ,Arizona ,2008,12488.0,,,,,,,,,,,,,,,,,,,,,,,,,,,
CA,California ,2008,136531.0,,,,,,,,,,,,,,,,,,,,,,,,,,,
CO,Colorado ,2008,14747.0,,,,,,,,,,,,,,,,,,,,,,,,,,,
CT,Connecticut ,2008,4627.0,,,,,,,,,,,,,,,,,,,,,,,,,,,
DC,Washington DC,2008,6044.0,,,,,,,,,,,,,,,,,,,,,,,,,,,
DE,Delaware ,2008,933.0,,,,,,,,,,,,,,,,,,,,,,,,,,,
FL,Florida ,2008,50158.0,,,,,,,,,,,,,,,,,,,,,,,,,,,
GA,Georgia ,2008,19095.0,,,,,,,,,,,,,,,,,,,,,,,,,,,
HI,Hawaii ,2008,6061.0,,,,,,,,,,,,,,,,,,,,,,,,,,,
IA,Iowa ,2008,3346.0,,,,,,,,,,,,,,,,,,,,,,,,,,,
ID,Idaho ,2008,1464.0,,,,,,,,,,,,,,,,,,,,,,,,,,,
IL,Illinois ,2008,14724.0,,,,,,,,,,,,,,,,,,,,,,,,,,,
IN,Indiana ,2008,7395.0,,,,,,,,,,,,,,,,,,,,,,,,,,,
KS,Kansas ,2008,1738.0,,,,,,,,,,,,,,,,,,,,,,,,,,,
KY,Kentucky ,2008,8137.0,,,,,,,,,,,,,,,,,,,,,,,,,,,
LA,Louisiana ,2008,5481.0,,,,,,,,,,,,,,,,,,,,,,,,,,,
MA,Massachusetts ,2008,14506.0,,,,,,,,,,,,,,,,,,,,,,,,,,,
MD,Maryland ,2008,9219.0,,,,,,,,,,,,,,,,,,,,,,,,,,,
ME,Maine ,2008,2632.0,,,,,,,,,,,,,,,,,,,,,,,,,,,
MI,Michigan ,2008,28248.0,,,,,,,,,,,,,,,,,,,,,,,,,,,
MN,Minnesota ,2008,7644.0,,,,,,,,,,,,,,,,,,,,,,,,,,,
MO,Missouri ,2008,7687.0,,,,,,,,,,,,,,,,,,,,,,,,,,,
MS,Mississippi ,2008,1961.0,,,,,,,,,,,,,,,,,,,,,,,,,,,
MT,Montana ,2008,1417.0,,,,,,,,,,,,,,,,,,,,,,,,,,,
NC,North Carolina ,2008,12411.0,,,,,,,,,,,,,,,,,,,,,,,,,,,
ND,North Dakota ,2008,615.0,,,,,,,,,,,,,,,,,,,,,,,,,,,
NE,Nebraska ,2008,3985.0,,,,,,,,,,,,,,,,,,,,,,,,,,,
NH,New Hampshire ,2008,2019.0,,,,,,,,,,,,,,,,,,,,,,,,,,,
NJ,New Jersey ,2008,13832.0,,,,,,,,,,,,,,,,,,,,,,,,,,,
NM,New Mexico ,2008,3015.0,,,,,,,,,,,,,,,,,,,,,,,,,,,
NV,Nevada ,2008,8726.0,,,,,,,,,,,,,,,,,,,,,,,,,,,
NY,New York ,2008,61125.0,,,,,,,,,,,,,,,,,,,,,,,,,,,
OH,Ohio ,2008,12912.0,,,,,,,,,,,,,,,,,,,,,,,,,,,
OK,Oklahoma ,2008,3846.0,,,,,,,,,,,,,,,,,,,,,,,,,,,
OR,Oregon ,2008,20653.0,,,,,,,,,,,,,,,,,,,,,,,,,,,
PA,Pennsylvania ,2008,15378.0,,,,,,,,,,,,,,,,,,,,,,,,,,,
RI,Rhode Island ,2008,1196.0,,,,,,,,,,,,,,,,,,,,,,,,,,,
SC,South Carolina ,2008,5660.0,,,,,,,,,,,,,,,,,,,,,,,,,,,
SD,South Dakota ,2008,579.0,,,,,,,,,,,,,,,,,,,,,,,,,,,
TN,Tennessee ,2008,9705.0,,,,,,,,,,,,,,,,,,,,,,,,,,,
TX,Texas ,2008,40190.0,,,,,,,,,,,,,,,,,,,,,,,,,,,
UT,Utah ,2008,3434.0,,,,,,,,,,,,,,,,,,,,,,,,,,,
VA,Virginia ,2008,8469.0,,,,,,,,,,,,,,,,,,,,,,,,,,,
VT,Vermont ,2008,954.0,,,,,,,,,,,,,,,,,,,,,,,,,,,
WA,Washington ,2008,21954.0,,,,,,,,,,,,,,,,,,,,,,,,,,,
WI,Wisconsin ,2008,5449.0,,,,,,,,,,,,,,,,,,,,,,,,,,,
WV,West Virginia ,2008,2016.0,,,,,,,,,,,,,,,,,,,,,,,,,,,
WY,Wyoming ,2008,751.0,,,,,,,,,,,,,,,,,,,,,,,,,,,
AK,Alaska ,2007,1642.0,,,,,,,,,,,,,,,,,,,,,,,,,,,
AL,Alabama,2007,5452.0,,,,,,,,,,,,,,,,,,,,,,,,,,,
AR,Arkansas ,2007,3836.0,,,,,,,,,,,,,,,,,,,,,,,,,,,
AZ,Arizona ,2007,14646.0,,,,,,,,,,,,,,,,,,,,,,,,,,,
CA,California ,2007,138986.0,,,,,,,,,,,,,,,,,,,,,,,,,,,
CO,Colorado ,2007,14225.0,,,,,,,,,,,,,,,,,,,,,,,,,,,
CT,Connecticut ,2007,4482.0,,,,,,,,,,,,,,,,,,,,,,,,,,,
DC,Washington DC,2007,5320.0,,,,,,,,,,,,,,,,,,,,,,,,,,,
DE,Delaware ,2007,1061.0,,,,,,,,,,,,,,,,,,,,,,,,,,,
FL,Florida ,2007,48069.0,,,,,,,,,,,,,,,,,,,,,,,,,,,
GA,Georgia ,2007,19639.0,,,,,,,,,,,,,,,,,,,,,,,,,,,
HI,Hawaii ,2007,6070.0,,,,,,,,,,,,,,,,,,,,,,,,,,,
IA,Iowa ,2007,2734.0,,,,,,,,,,,,,,,,,,,,,,,,,,,
ID,Idaho ,2007,1749.0,,,,,,,,,,,,,,,,,,,,,,,,,,,
IL,Illinois ,2007,15487.0,,,,,,,,,,,,,,,,,,,,,,,,,,,
IN,Indiana ,2007,7358.0,,,,,,,,,,,,,,,,,,,,,,,,,,,
KS,Kansas ,2007,2111.0,,,,,,,,,,,,,,,,,,,,,,,,,,,
KY,Kentucky ,2007,8061.0,,,,,,,,,,,,,,,,,,,,,,,,,,,
LA,Louisiana ,2007,5494.0,,,,,,,,,,,,,,,,,,,,,,,,,,,
MA,Massachusetts ,2007,15127.0,,,,,,,,,,,,,,,,,,,,,,,,,,,
MD,Maryland ,2007,9628.0,,,,,,,,,,,,,,,,,,,,,,,,,,,
ME,Maine ,2007,2638.0,,,,,,,,,,,,,,,,,,,,,,,,,,,
MI,Michigan ,2007,28295.0,,,,,,,,,,,,,,,,,,,,,,,,,,,
MN,Minnesota ,2007,7323.0,,,,,,,,,,,,,,,,,,,,,,,,,,,
MO,Missouri ,2007,6247.0,,,,,,,,,,,,,,,,,,,,,,,,,,,
MS,Mississippi ,2007,1377.0,,,,,,,,,,,,,,,,,,,,,,,,,,,
MT,Montana ,2007,1150.0,,,,,,,,,,,,,,,,,,,,,,,,,,,
NC,North Carolina ,2007,11802.0,,,,,,,,,,,,,,,,,,,,,,,,,,,
ND,North Dakota ,2007,636.0,,,,,,,,,,,,,,,,,,,,,,,,,,,
NE,Nebraska ,2007,3531.0,,,,,,,,,,,,,,,,,,,,,,,,,,,
NH,New Hampshire ,2007,2248.0,,,,,,,,,,,,,,,,,,,,,,,,,,,
NJ,New Jersey ,2007,17314.0,,,,,,,,,,,,,,,,,,,,,,,,,,,
NM,New Mexico ,2007,3015.0,,,,,,,,,,,,,,,,,,,,,,,,,,,
NV,Nevada ,2007,8642.0,,,,,,,,,,,,,,,,,,,,,,,,,,,
NY,New York ,2007,62601.0,,,,,,,,,,,,,,,,,,,,,,,,,,,
OH,Ohio ,2007,11264.0,,,,,,,,,,,,,,,,,,,,,,,,,,,
OK,Oklahoma ,2007,4221.0,,,,,,,,,,,,,,,,,,,,,,,,,,,
OR,Oregon ,2007,17590.0,,,,,,,,,,,,,,,,,,,,,,,,,,,
PA,Pennsylvania ,2007,16220.0,,,,,,,,,,,,,,,,,,,,,,,,,,,
RI,Rhode Island ,2007,1372.0,,,,,,,,,,,,,,,,,,,,,,,,,,,
SC,South Carolina ,2007,5660.0,,,,,,,,,,,,,,,,,,,,,,,,,,,
SD,South Dakota ,2007,579.0,,,,,,,,,,,,,,,,,,,,,,,,,,,
TN,Tennessee ,2007,11210.0,,,,,,,,,,,,,,,,,,,,,,,,,,,
TX,Texas ,2007,39788.0,,,,,,,,,,,,,,,,,,,,,,,,,,,
UT,Utah ,2007,3011.0,,,,,,,,,,,,,,,,,,,,,,,,,,,
VA,Virginia ,2007,9746.0,,,,,,,,,,,,,,,,,,,,,,,,,,,
VT,Vermont ,2007,1035.0,,,,,,,,,,,,,,,,,,,,,,,,,,,
WA,Washington ,2007,23379.0,,,,,,,,,,,,,,,,,,,,,,,,,,,
WI,Wisconsin ,2007,5648.0,,,,,,,,,,,,,,,,,,,,,,,,,,,
WV,West Virginia ,2007,2409.0,,,,,,,,,,,,,,,,,,,,,,,,,,,
WY,Wyoming ,2007,537.0,,,,,,,,,,,,,,,,,,,,,,,,,,,
